kw,key
kw1,futternapf unterlage
kw2,futterplatz hund
kw3,futterstation hund silikon
kw4,futterstation katzen 3 napfe
kw5,hund erstausstattung
kw6,hund futternapf
kw7,hund fressnapf groß hund
kw8,hund futterstation 2x800ml
kw9,hund zubehör set
kw10,hundefressnapf kleine hund
kw11,hundefressnapf tlere hund
kw12,hundefutternapf 800
kw13,hundenapf grau
kw14,hundenapf grosse hund edelstahl
kw15,hundenapf kleine
kw16,napfset hund
kw17,reisenapf set
kw18,edelstahlnapf
kw19,silikon napfunterlage
kw20,rosa hundenapf
kw21,rosa napf
kw22,doppel futternapf katzen
kw23,silikon napf hund
kw24,silikon napf
kw25,fressnapf online shop
kw26,edelstahl hundenapf
kw27,silikon unterlage futternapf
kw28,chobans fressnapf
kw29,hundenapf silikonunterlage
kw30,trinknapf hund anti schlabber
kw31,trinknapf hund
kw32,catwalk bis zum hundenapf
kw33,wassernapf katzen
kw34,wassernapf hund
kw35,cat food bowl
kw36,erstausstattung hund
kw37,welpen zubehör
kw38,welpen erstausstattung set
kw39,doppelfressnapf hunde
kw40,untersetzer katzennapf
kw41,feeding & watering supplies for dog
kw42,unterlage hundenapf
kw43,tiemo napf
kw44,hundenapf unterlage
kw45,welpen zubehör kleine hund
kw46,food bowl
kw47,wookie napf
kw48,welpennapf
kw49,dog feeding bowl
kw50,fressnapf edelstahl
kw51,fressnapf unterlage hund
kw52,hundenapf rutschfest
kw53,feste futternapf
kw54,welpen erstausstattung
kw55,welpen napf
kw56,hundenapf matte
kw57,fressnapf hund 1400
kw58,els pet water bowl
kw59,fress und trinknapf hund
kw60,hundenapf rosa
kw61,dog bowl
kw62,hundenapf telgroß hund
kw63,hundenapf set
kw64,edelstahl fressnapf hund
kw65,fressnapf doppel
kw66,edelstahl-futternapf rutschfest
kw67,futterbar
kw68,amazon pets
kw69,hundenapf set unterlage
kw70,edelstahl napf
kw71,yumminator
kw72,bonve pet hundenapf
kw73,bonve pet
kw74,doppelnapf hund
kw75,futternapf
kw76,futterbar hund 2 napfe
kw77,fressnapf hund groß hund
kw78,hundeschüssel
kw79,fressnapf hund groß
kw80,fressnapf hund namen
kw81,fressnapf doppelt rutschfest
kw82,hundenapf silikon
kw83,futternapf hund
kw84,hundenapf 3er set
kw85,katzen fressnapf edelstahl
kw86,hunter futternapf
kw87,katzen teller
kw88,hundenapf welpen
kw89,hundenapf tlere hund
kw90,hunter hundenapf
kw91,futternapf edelstahl
kw92,napfunterlage
kw93,hundeschüssel wasser
kw94,hunter edelstahl futternapf
kw95,katzen schale
kw96,hundenapf 800ml
kw97,futternapf unterlage rutschfest
kw98,futterstation hund
kw99,großr hundenapf
kw100,hundenapf 2x 600
kw101,yummynator
kw102,fressnapf
kw103,futternapf hund rutschfest
kw104,fressnapf hund kleine
kw105,fressnapf huskl
kw106,hundenapf set telgroß hund
kw107,fressnapf hund
kw108,katzen napfset
kw109,napfe tranken zubehör hund
kw110,hund schussel
kw111,napfset
kw112,hunter napf
kw113,napf
kw114,hundenapf edelstahl groß
kw115,cat accessories
kw116,katzennapf unterlage
kw117,futterschale katzen
kw118,hund fressnapf
kw119,futterstation
kw120,hund essen
kw121,hundefressnapf
kw122,freßnapf katzen
kw123,lustran napf
kw124,katzen futternapf
kw125,hundenapf edelstahl
kw126,futternapf hund groß
kw127,katzen futternapf unterlage
kw128,futternapf silikonunterlage
kw129,katzenfressnapf doppel
kw130,mops napf
kw131,katzen unterlage futter
kw132,hund fressnapf set
kw133,katzen futterstation
kw134,hund futterstation
kw135,pet bowl
kw136,futternapf katzen
kw137,katzenschüssel
kw138,hund futternapf 800ml
kw139,katzen schüssel
kw140,katzenfutternapf set unterlage
kw141,hund napfset kleine hund
kw142,katzen napfe 2er set
kw143,katzenfutter napf
kw144,hoher fressnapf hund
kw145,futternapf silikon
kw146,katzen fressnapf
kw147,limnapf
kw148,huskl futternapf
kw149,katzenfutter schale
kw150,futterschüssel hund
kw151,hund napfe
kw152,reise napf hund
kw153,futternapf hund 800ml
kw154,hundenapf hunter
kw155,hund napfset groß hund
kw156,hundefressstation
kw157,hundenapf keramik rutschfest
kw158,katzen essen station
kw159,katzenschüssel set
kw160,futterstation hund groß
kw161,hundefressnapf groß hund
kw162,matte einbuchtung hundenapf
kw163,hund essen schüssel
kw164,hundenapf 2x 1100ml
kw165,katzen napf
kw166,katzennapf
kw167,katzenfutternapf
kw168,katzen wassernapf
kw169,pecute futternapf
kw170,hundenapf kleine hund
kw171,hundefutternapf
kw172,futternapf hund antirutsch
kw173,futternapf hund kleine
kw174,futternapf unterlage hund
kw175,futternapf set groß
kw176,futterplatz katzen
kw177,haustier schüssel
kw178,hund hund
kw179,hund napf
kw180,hund zubehör
kw181,hund futterstation silikon
kw182,hund napf set
kw183,hund napf set groß hund
kw184,hund napfe groß hund
kw185,hund napfset
kw186,hund schüssel set
kw187,hund teller
kw188,hund wassernapf
kw189,hund zubehör set welpen
kw190,hundenapf
kw191,hundenapf 2x
kw192,hundenapf groß hund
kw193,hundenapf namen
kw194,napf hund
kw195,napf hund antirutsch
kw196,napf hund keramik
kw197,napf katzen
kw198,napf unterlage
kw199,napf set
kw200,napfe
kw201,napfe hund
kw202,napfe katzen
kw203,"napfe, tranken & zubehör hund"
kw204,napfunterlage hund
kw205,napfunterlage napf
kw206,futternapf katze
kw207,hundenapf grosse hunde
kw208,fressnapf katze
kw209,hundenapf kleine hunde
kw210,napfunterlage katzen
kw211,hunde napfset
kw212,futterstation katzen
kw213,hundenapf mittelgroße hunde
kw214,napf katze
kw215,welpen starterset
kw216,hunde napf